{
    "train": {
        "accuracy": 14.787974211134705,
        "loss": 0.17168904352448
    },
    "val": {
        "accuracy": 14.705189491587094,
        "loss": 0.38094463645179477
    },
    "step": 14
}
