step	accuracy
0	0.7782347243536316
1	1.9752719217035466
2	2.78966909317611
3	3.165439105288238
4	4.173274695792555
5	5.075154817951233
6	6.234798863648544
7	7.454414513928606
8	8.423689806599405
9	9.522563000471335
10	10.003657151317018
11	11.642946809316474
12	12.465033586916233
13	13.505898666421793
14	14.787974211134705
