step	loss
0	14.731599778762332
1	13.987405147285903
2	12.989835483419103
3	11.891778388236386
4	10.978567692817508
5	9.582283268105364
6	8.703568309119913
7	7.376173459404085
8	6.163844894410036
9	5.083435377247975
10	4.486291655968463
11	3.3278933626511322
12	2.334143911869857
13	1.4126260721176072
14	0.17168904352448
